feature,mean_impact,std_impact,abs_impact
u_rat_de,34.993426104650496,18.92208225278408,34.993426104650496
pol_rat_de,-30.366993389813057,17.652810954630837,30.366993389813057
cpi_inf_de,19.496314143054875,11.505277800468956,19.496314143054875
pol_rat_us,15.936354552896837,9.851091422295106,15.936354552896837
cpi_forecast_2yr_de,4.417006683679422,2.9692479417404987,4.417006683679422
act_track_de,-3.0325708339773505,0.8491009425159876,3.0325708339773505
gdp_forecast_2yr_de,-0.5733626259342156,0.34293387695466154,0.5733626259342156
