feature,mean_impact,std_impact,abs_impact
cpi_forecast_2yr_fr,3.124079120778625,1.8670576883840186,3.124079120778625
gdp_forecast_2yr_fr,1.2885254614304238,0.773730021299706,1.2885254614304238
pol_rat_fr,-0.8737369807622705,0.47145316726696324,0.8737369807622705
u_rat_fr,0.6378331103862827,0.4825879909136519,0.6378331103862827
act_track_fr,-0.2169075035647681,0.12089259779288046,0.2169075035647681
pol_rat_us,0.12857702855201938,0.07381958755887018,0.12857702855201938
cpi_inf_fr,0.0727115907586508,0.03478517901460583,0.0727115907586508
