feature,mean_impact,std_impact,abs_impact,expected_direction,actual_direction,conformity,confidence
cpi_forecast_5yr_gb,0.11994852150311809,11.650783928376441,0.11994852150311809,1,1.0,Conforming,0.9
rating_gb,0.027172414402003634,0.4899700057476201,0.027172414402003634,-1,1.0,Non-Conforming,0.8
gdp_forecast_5yr_gb,0.018706896499791875,0.4957481436525457,0.018706896499791875,1,1.0,Conforming,0.7
u_rat_gb,0.004857338744672951,0.16187867086744442,0.004857338744672951,-1,1.0,Non-Conforming,0.7
pol_rat_us,5.1567061608970735e-05,0.07080981419705366,5.1567061608970735e-05,1,1.0,Conforming,0.8
pol_rat_gb,2.276593878632127e-05,0.07224898319518591,2.276593878632127e-05,1,1.0,Conforming,0.8
cpi_inf_gb,-1.4026740317660825e-06,0.02746750572250368,1.4026740317660825e-06,1,-1.0,Non-Conforming,0.9
