feature,mean_impact,std_impact,abs_impact
cpi_inf_fr,0.3707750034769744,0.00940940531582985,0.3707750034769744
pol_rat_fr,-0.3600904080603857,0.0,0.3600904080603857
rating_fr,0.1274162785830003,0.0,0.1274162785830003
act_track_fr,0.004976213833319392,0.00031084133406587914,0.004976213833319392
pol_rat_us,0.001877620691244488,0.0,0.001877620691244488
gdp_forecast_10yr_fr,0.0,0.0,0.0
cpi_forecast_10yr_fr,0.0,0.0,0.0
u_rat_fr,0.0,0.0,0.0
