feature,mean_impact,std_impact,abs_impact,expected_direction,actual_direction,conformity,confidence
u_rat_za,0.006969080173360884,0.5806261142871468,0.006969080173360884,-1,1.0,Non-Conforming,0.7
pol_rat_za,6.196028498636607e-05,0.22783489073971935,6.196028498636607e-05,1,1.0,Conforming,0.8
rating_za,4.561373741986093e-05,6.046924762126611,4.561373741986093e-05,-1,1.0,Non-Conforming,0.8
pol_rat_us,-3.3199324635320455e-05,0.024130713956700377,3.3199324635320455e-05,1,-1.0,Non-Conforming,0.8
pol_rat_us_influence,1.6659947576476006e-05,0.1263380250880405,1.6659947576476006e-05,1,1.0,Conforming,0.8
gdp_forecast_5yr_za,-3.3334692531526617e-06,0.031202515209474563,3.3334692531526617e-06,1,-1.0,Non-Conforming,0.7
cpi_inf_za,-3.0552261988828395e-06,0.0277751443606205,3.0552261988828395e-06,1,-1.0,Non-Conforming,0.9
cpi_forecast_5yr_za,-8.289665250534503e-17,0.0004513200736199177,8.289665250534503e-17,1,-1.0,Non-Conforming,0.9
