feature,mean_impact,std_impact,abs_impact
rating_us,9.030500956631842,4.836969064008124,9.030500956631842
pol_rat_us,-0.3057042898963852,0.16520652820801587,0.3057042898963852
gdp_forecast_10yr_us,0.26909631043788407,0.14926274254780905,0.26909631043788407
u_rat_us,0.23985056127931148,0.17834346299673196,0.23985056127931148
act_track_us,-0.13851172735341064,0.07202975248983205,0.13851172735341064
cpi_forecast_10yr_us,0.04576939516621683,0.02776118242879517,0.04576939516621683
cpi_inf_us,0.004588385294664811,0.003832227865212419,0.004588385294664811
