feature,mean_impact,std_impact,abs_impact
cpi_forecast_10yr_ca,428.8494467879448,229.2296714840046,428.8494467879448
rating_ca,118.43728089790584,68.16595637987261,118.43728089790584
gdp_forecast_10yr_ca,117.95929930313177,71.14123728475339,117.95929930313177
u_rat_ca,-59.64013679776344,34.955993441996,59.64013679776344
pol_rat_us,46.39426292359758,24.816650751516303,46.39426292359758
pol_rat_ca,7.8807475873917285,4.233412557519075,7.8807475873917285
cpi_inf_ca,3.86146507605477,2.798301298195357,3.86146507605477
act_track_ca,-2.7946026069119068,4.2034459657634535,2.7946026069119068
