feature,mean_impact,std_impact,abs_impact
pol_rat_pl,-249.530525684346,133.37967637891686,249.530525684346
u_rat_pl,-56.598854137801986,30.25336009537823,56.598854137801986
act_track_pl,-20.504496647226873,10.960114477453994,20.504496647226873
cpi_inf_pl,-12.399509281053943,6.627816499118219,12.399509281053943
gdp_forecast_2yr_pl,6.685884315647651,3.5737554909655813,6.685884315647651
cpi_forecast_2yr_pl,-6.140720447291493,3.2823531459602857,6.140720447291493
pol_rat_us,5.653981617395229,3.022180297630134,5.653981617395229
pol_rat_us_influence,5.344169883541238,2.856578960132415,5.344169883541238
