feature,mean_impact,std_impact,abs_impact
cpi_forecast_2yr_pl,28.062431808968256,15.002772378718698,28.062431808968256
pol_rat_pl,-1.5828734627280021,0.8378780210913634,1.5828734627280021
u_rat_pl,-1.191584540476151,0.6308684378459001,1.191584540476151
pol_rat_us_influence,0.23999847665153173,0.1402672722431512,0.23999847665153173
cpi_inf_pl,-0.1828343110662701,0.09644565789651936,0.1828343110662701
pol_rat_us,0.18079158575702348,0.10426333852203461,0.18079158575702348
act_track_pl,-0.06600206458793063,0.025696949162860624,0.06600206458793063
gdp_forecast_2yr_pl,-0.006576643454364799,0.0012242694160431167,0.006576643454364799
