feature,mean_impact,std_impact,abs_impact
u_rat_it,198.4961192371576,106.28950922999125,198.4961192371576
rating_it,190.0123175805877,102.35502168905141,190.0123175805877
pol_rat_us,48.68904247780577,29.431958481654487,48.68904247780577
pol_rat_it,30.513672694493664,18.696759634323254,30.513672694493664
cpi_forecast_5yr_it,-29.5600657463002,15.163837170971332,29.5600657463002
gdp_forecast_5yr_it,3.06597456738576,1.6479823695641422,3.06597456738576
cpi_inf_it,2.6017691867922252,2.3555047397151005,2.6017691867922252
