feature,mean_impact,std_impact,abs_impact
cpi_forecast_30yr_gb,241.6676953343554,129.17843239217942,241.6676953343554
u_rat_gb,-0.8674610312671444,0.4595247155781591,0.8674610312671444
pol_rat_us,-0.4088836774206879,0.21815459543187474,0.4088836774206879
rating_gb,0.27980594810910314,0.1497548375913384,0.27980594810910314
pol_rat_gb,-0.11465709438394318,0.06098793879055331,0.11465709438394318
act_track_gb,-0.08796253863578725,0.04697653144209461,0.08796253863578725
gdp_forecast_30yr_gb,0.006258077602918359,0.0034653161384562738,0.006258077602918359
cpi_inf_gb,-0.001497955351426666,0.0007037716778625852,0.001497955351426666
