feature,mean_impact,std_impact,abs_impact
cpi_forecast_30yr_gb,-235.96841904364396,126.13042545143134,235.96841904364396
u_rat_gb,-154.91157039585028,82.80371738119781,154.91157039585028
pol_rat_gb,-110.29261468136512,58.95388234702026,110.29261468136512
gdp_forecast_30yr_gb,40.15809456193641,21.465404450919397,40.15809456193641
pol_rat_us,19.73546679370447,10.549050730013738,19.73546679370447
rating_gb,5.421240929076106,2.8977751668226914,5.421240929076106
act_track_gb,-1.0111227433300922,0.5404678402165959,1.0111227433300922
cpi_inf_gb,-0.09739316015402343,0.052058833873079885,0.09739316015402343
