feature,mean_impact,std_impact,abs_impact
u_rat_it,-118.61922897680022,63.40464490206773,118.61922897680022
cpi_forecast_30yr_it,-116.60202786456193,62.326405553179875,116.60202786456193
rating_it,107.50830071555531,57.465603930267385,107.50830071555531
gdp_forecast_30yr_it,45.611998521129266,24.38063874172935,45.611998521129266
pol_rat_it,-30.326543044175235,16.210219113793737,30.326543044175235
pol_rat_us,16.722884994019655,8.938758023720679,16.722884994019655
cpi_inf_it,3.504858900591143,1.8734258849996057,3.504858900591143
act_track_it,0.4942030853499559,0.26416266069516214,0.4942030853499559
