feature,mean_impact,std_impact,abs_impact
rating_pl,8.51001534032434,4.556572783007961,8.51001534032434
pol_rat_pl,-1.577074343222262,0.8294028304195092,1.577074343222262
act_track_pl,-0.7511501362020766,0.40051904879278,0.7511501362020766
u_rat_pl,-0.2562851381337798,0.1140918853486519,0.2562851381337798
gdp_forecast_10yr_pl,-0.23353256992743865,0.12467770566781643,0.23353256992743865
cpi_forecast_10yr_pl,0.232347753995094,0.21306241662360714,0.232347753995094
cpi_inf_pl,-0.22597048122004812,0.11705001759394966,0.22597048122004812
pol_rat_us_influence,0.2148229806018677,0.13117804694544263,0.2148229806018677
pol_rat_us,0.054536761530061935,0.04091381142204625,0.054536761530061935
