feature,mean_impact,std_impact,abs_impact
pol_rat_pl,-165.0633173475482,88.23005437698072,165.0633173475482
u_rat_pl,-73.24895820951136,39.15321507973056,73.24895820951136
rating_pl,-52.855191125100504,28.252288043225825,52.855191125100504
gdp_forecast_10yr_pl,35.741637709348424,19.1047089643688,35.741637709348424
cpi_forecast_10yr_pl,24.774636198771685,13.242600076824449,24.774636198771685
act_track_pl,-11.771075666494434,6.291904602544842,11.771075666494434
cpi_inf_pl,-8.08694942939862,4.322656295568094,8.08694942939862
pol_rat_us,4.978926920547711,2.6613483843535684,4.978926920547711
pol_rat_us_influence,4.691036844894091,2.5074646660466713,4.691036844894091
