feature,mean_impact,std_impact,abs_impact
u_rat_it,173.31330270508246,92.68780767728903,173.31330270508246
pol_rat_us,41.31864607807929,23.3892230086862,41.31864607807929
cpi_forecast_2yr_it,-38.78954760522839,20.094443225606852,38.78954760522839
pol_rat_it,-18.246297164307418,8.563598756194025,18.246297164307418
gdp_forecast_2yr_it,-8.907768989899603,4.7233828363233314,8.907768989899603
cpi_inf_it,-3.6014247563931554,1.7518537526823057,3.6014247563931554
act_track_it,0.5805669455451019,0.1339659822911592,0.5805669455451019
