feature,mean_impact,std_impact,abs_impact
gdp_forecast_10yr_au,27.745763633090462,14.853311694026736,27.745763633090462
pol_rat_au,-1.1051240830221174,0.5820643168068765,1.1051240830221174
act_track_au,-0.7593251969013216,0.40035222353566824,0.7593251969013216
rating_au,0.7193088830629447,0.4063517444777776,0.7193088830629447
u_rat_au,-0.34043201601228373,0.1416491858520205,0.34043201601228373
pol_rat_us,0.13262322326347423,0.07452319206077422,0.13262322326347423
cpi_forecast_10yr_au,-0.015646206848099503,0.008156610110423557,0.015646206848099503
cpi_inf_au,-0.0042411782249776216,0.0016214147422364549,0.0042411782249776216
