feature,mean_impact,std_impact,abs_impact,expected_direction,actual_direction,conformity,confidence
act_track_hu,-0.016630908661734927,3.3684942129004405,0.016630908661734927,1,-1.0,Non-Conforming,0.7
u_rat_hu,0.005532247846983729,0.18754160313159784,0.005532247846983729,-1,1.0,Non-Conforming,0.7
gdp_forecast_10yr_hu,0.001487507383072477,0.33019763978810074,0.001487507383072477,1,1.0,Conforming,0.7
pol_rat_us_influence,0.00021251544227394051,0.11923810439511144,0.00021251544227394051,1,1.0,Conforming,0.8
rating_hu,-0.00019354467286702477,4.045520394419628,0.00019354467286702477,-1,-1.0,Conforming,0.8
pol_rat_us,-5.083204394464443e-05,0.011733169229167506,5.083204394464443e-05,1,-1.0,Non-Conforming,0.8
pol_rat_hu,2.1728233553663638e-05,0.05320361580398319,2.1728233553663638e-05,1,1.0,Conforming,0.8
cpi_forecast_10yr_hu,-1.75061597389643e-05,0.0078184767748235,1.75061597389643e-05,1,-1.0,Non-Conforming,0.9
cpi_inf_hu,7.116245533704084e-07,0.01878317036325022,7.116245533704084e-07,1,1.0,Conforming,0.9
