feature,mean_impact,std_impact,abs_impact
cpi_forecast_2yr_hu,-0.3709570004286455,0.0,0.3709570004286455
pol_rat_hu,-0.17543888854869713,0.0,0.17543888854869713
act_track_hu,0.060664823628160114,0.0004608804217887404,0.060664823628160114
gdp_forecast_2yr_hu,-0.04233156611735703,0.0012476272741503934,0.04233156611735703
pol_rat_us,0.02316183683066096,0.0,0.02316183683066096
cpi_inf_hu,-0.01285071082036756,0.0,0.01285071082036756
pol_rat_us_influence,0.003593995437972328,0.0,0.003593995437972328
u_rat_hu,0.0,0.0,0.0
