feature,mean_impact,std_impact,abs_impact
cpi_inf_us,0.20590861421506015,0.012684112281183019,0.20590861421506015
gdp_forecast_5yr_us,0.14531283303493564,0.0,0.14531283303493564
pol_rat_us,-0.08619738975053913,0.0,0.08619738975053913
cpi_forecast_5yr_us,0.0,0.0,0.0
rating_us,0.0,0.0,0.0
u_rat_us,0.0,0.0,0.0
