feature,mean_impact,std_impact,abs_impact
rating_cz,-273.78720297144946,146.34541577175716,273.78720297144946
pol_rat_cz,-82.66616475326265,44.186923712188126,82.66616475326265
u_rat_cz,-30.637134588667738,16.376237277610866,30.637134588667738
gdp_forecast_5yr_cz,-20.335361628297154,10.869708007033916,20.335361628297154
pol_rat_us,8.374364878548961,4.47628631533757,8.374364878548961
pol_rat_us_influence,7.68641737784015,4.108562908517597,7.68641737784015
cpi_forecast_5yr_cz,7.540421555913618,4.0305248591533775,7.540421555913618
cpi_inf_cz,0.671015649878448,0.358672951858373,0.671015649878448
