feature,mean_impact,std_impact,abs_impact,expected_direction,actual_direction,conformity,confidence
gdp_forecast_5yr_hu,0.006590813510320271,0.202164683940894,0.006590813510320271,1,1.0,Conforming,0.7
u_rat_hu,0.0019195806722789495,0.8961312520295394,0.0019195806722789495,-1,1.0,Non-Conforming,0.7
rating_hu,0.0003500599640073953,3.6755813146877205,0.0003500599640073953,-1,1.0,Non-Conforming,0.8
pol_rat_us_influence,3.383525525662693e-05,0.09805420990211433,3.383525525662693e-05,1,1.0,Conforming,0.8
cpi_inf_hu,1.4659710691839578e-05,0.00312777001709562,1.4659710691839578e-05,1,1.0,Conforming,0.9
pol_rat_hu,7.805361106155929e-06,0.12765860875776744,7.805361106155929e-06,1,1.0,Conforming,0.8
cpi_forecast_5yr_hu,7.074324246948649e-06,0.014815570225688798,7.074324246948649e-06,1,1.0,Conforming,0.9
pol_rat_us,1.6842726762540395e-06,0.055280395811137334,1.6842726762540395e-06,1,1.0,Conforming,0.8
