feature,mean_impact,std_impact,abs_impact
rating_kr,-168.90365576921457,90.28280160885782,168.90365576921457
gdp_forecast_30yr_kr,59.0868581971946,31.58325420497108,59.0868581971946
cpi_forecast_30yr_kr,-41.44703522865586,22.15437221759714,41.44703522865586
pol_rat_kr,-36.59214806341259,19.55932587134193,36.59214806341259
cpi_inf_kr,7.50672143685566,4.012511387809325,7.50672143685566
pol_rat_us,-1.5091422843852407,0.8066704822947051,1.5091422843852407
pol_rat_us_influence,-1.393815743991776,0.7450258534726636,1.393815743991776
act_track_kr,-1.1976325339908873,0.6401615167782566,1.1976325339908873
u_rat_kr,-1.0126341998844168,0.5412757477282067,1.0126341998844168
