feature,mean_impact,std_impact,abs_impact
rating_it,139.15195734472059,75.33632264218156,139.15195734472059
gdp_forecast_10yr_it,68.01972375398974,38.55531631833311,68.01972375398974
pol_rat_us,30.134216697163215,17.270605477261856,30.134216697163215
cpi_forecast_10yr_it,29.419086600171095,16.14548477754874,29.419086600171095
u_rat_it,-12.237841077117016,7.414606336393577,12.237841077117016
cpi_inf_it,10.887585822027711,6.7698782824697155,10.887585822027711
pol_rat_it,-10.85628412722388,3.7855748381710628,10.85628412722388
act_track_it,1.8121151757069713,0.6367088968617441,1.8121151757069713
