feature,mean_impact,std_impact,abs_impact
pol_rat_au,-173.9718602080386,92.99187083403017,173.9718602080386
u_rat_au,-25.230840938854413,13.48645176762614,25.230840938854413
gdp_forecast_2yr_au,-9.208293301670963,4.922039807396881,9.208293301670963
act_track_au,-6.6573694144920275,3.5585136351738575,6.6573694144920275
pol_rat_us,-5.126144649536302,2.740039570515603,5.126144649536302
cpi_forecast_2yr_au,1.8661113347790759,0.9974784657598157,1.8661113347790759
cpi_inf_au,-1.0812541161312652,0.5779546358003255,1.0812541161312652
