feature,mean_impact,std_impact,abs_impact,expected_direction,actual_direction,conformity,confidence
gdp_forecast_5yr_de,0.040921014897510766,0.10769533281140757,0.040921014897510766,1,1.0,Conforming,0.7
u_rat_de,0.009466897513103416,0.46264835067436577,0.009466897513103416,-1,1.0,Non-Conforming,0.7
pol_rat_de,0.00028244867704008847,0.03212166507593473,0.00028244867704008847,1,1.0,Conforming,0.8
cpi_inf_de,0.0002602515238639847,0.013877868295323512,0.0002602515238639847,1,1.0,Conforming,0.9
cpi_forecast_5yr_de,0.00023016188394900153,0.01463315348115286,0.00023016188394900153,1,1.0,Conforming,0.9
pol_rat_us,0.00016422134542086475,0.03771476390963225,0.00016422134542086475,1,1.0,Conforming,0.8
rating_de,0.00010656178350733114,0.6036551820410342,0.00010656178350733114,-1,1.0,Non-Conforming,0.8
