feature,mean_impact,std_impact,abs_impact,expected_direction,actual_direction,conformity,confidence
rating_us,-1.1652900866465644e-15,3.862658213942944,1.1652900866465644e-15,-1,-1.0,Conforming,0.8
cpi_forecast_5yr_us,-8.787045165566572e-16,0.02298161391184687,8.787045165566572e-16,1,-1.0,Non-Conforming,0.9
pol_rat_us,-5.897504706808832e-16,0.08874597266998181,5.897504706808832e-16,1,-1.0,Non-Conforming,0.8
cpi_inf_us,-3.102703279485771e-16,0.03615140354345607,3.102703279485771e-16,1,-1.0,Non-Conforming,0.9
u_rat_us,-1.9895196601282806e-16,0.4866049895412794,1.9895196601282806e-16,-1,-1.0,Conforming,0.7
gdp_forecast_5yr_us,-6.868579779014302e-17,0.3491275358556625,6.868579779014302e-17,1,-1.0,Non-Conforming,0.7
