feature,mean_impact,std_impact,abs_impact,expected_direction,actual_direction,conformity,confidence
act_track_de,-0.14717668507643863,4.14807471901094,0.14717668507643863,1,-1.0,Non-Conforming,0.7
gdp_forecast_10yr_de,0.014584054469658268,0.20769552424868415,0.014584054469658268,1,1.0,Conforming,0.7
u_rat_de,-0.0027683232214550544,0.5141968855104858,0.0027683232214550544,-1,-1.0,Conforming,0.7
rating_de,-0.0012194024106057751,0.4465682385938203,0.0012194024106057751,-1,-1.0,Conforming,0.8
pol_rat_us,0.0001478366412338555,0.05321758240825757,0.0001478366412338555,1,1.0,Conforming,0.8
cpi_forecast_10yr_de,5.6643306326567295e-05,0.015929010732368198,5.6643306326567295e-05,1,1.0,Conforming,0.9
pol_rat_de,2.068623338994957e-05,0.12197695344105383,2.068623338994957e-05,1,1.0,Conforming,0.8
cpi_inf_de,1.481609566832424e-05,0.08382212092204351,1.481609566832424e-05,1,1.0,Conforming,0.9
