feature,mean_impact,std_impact,abs_impact
rating_pl,252.58715322046513,135.01351252165068,252.58715322046513
pol_rat_pl,-195.82005035528837,104.67021969861567,195.82005035528837
u_rat_pl,-76.91476215580909,41.11266971032055,76.91476215580909
gdp_forecast_5yr_pl,38.74897838778485,20.71220017351414,38.74897838778485
cpi_forecast_5yr_pl,-11.127271770455074,5.947776944937769,11.127271770455074
cpi_inf_pl,-10.695854908835102,5.717174932500738,10.695854908835102
pol_rat_us,1.5656780052392198,0.8368900962304023,1.5656780052392198
pol_rat_us_influence,1.4791714538219825,0.7906503994997387,1.4791714538219825
