feature,mean_impact,std_impact,abs_impact
rating_pl,8.729401779335618,4.675853323771743,8.729401779335618
pol_rat_pl,-0.9620034220208549,0.5018644278770203,0.9620034220208549
u_rat_pl,-0.6627933722479652,0.33616138468272266,0.6627933722479652
cpi_forecast_5yr_pl,-0.6598694944243432,0.18566721210545475,0.6598694944243432
pol_rat_us_influence,0.371640820872408,0.21182017616412424,0.371640820872408
gdp_forecast_5yr_pl,0.0877499643202478,0.04691990925417442,0.0877499643202478
cpi_inf_pl,-0.05976241414109535,0.031385618464721717,0.05976241414109535
pol_rat_us,-0.05972303547151033,0.02162841169701835,0.05972303547151033
