feature,mean_impact,std_impact,abs_impact
pol_rat_de,-0.7453951822237833,0.0,0.7453951822237833
act_track_de,-0.10734844187402943,0.001219367605567302,0.10734844187402943
cpi_inf_de,-0.02844711452733224,0.0029882706662109895,0.02844711452733224
pol_rat_us,-0.025886007295791144,0.0,0.025886007295791144
gdp_forecast_30yr_de,0.0,0.0,0.0
cpi_forecast_30yr_de,0.0,0.0,0.0
rating_de,0.0,0.0,0.0
u_rat_de,0.0,0.0,0.0
