feature,mean_impact,std_impact,abs_impact
gdp_forecast_5yr_za,-0.07587928078779663,0.0,0.07587928078779663
pol_rat_us_influence,-0.023928991824488394,3.469446951953614e-18,0.023928991824488394
cpi_inf_za,0.020518992901169507,0.0,0.020518992901169507
pol_rat_us,-0.011011385148583712,0.0006248496858044202,0.011011385148583712
cpi_forecast_5yr_za,0.0,0.0,0.0
pol_rat_za,0.0,0.0,0.0
rating_za,0.0,0.0,0.0
u_rat_za,0.0,0.0,0.0
