feature,mean_impact,std_impact,abs_impact
pol_rat_de,-0.6720716766696956,0.0,0.6720716766696956
cpi_inf_de,0.1702997770239362,0.0020668141208878927,0.1702997770239362
act_track_de,-0.14780503223087021,0.0,0.14780503223087021
gdp_forecast_10yr_de,-0.05013604186454277,0.0,0.05013604186454277
cpi_forecast_10yr_de,0.0,0.0,0.0
pol_rat_us,0.0,0.0,0.0
rating_de,0.0,0.0,0.0
u_rat_de,0.0,0.0,0.0
