feature,mean_impact,std_impact,abs_impact
cpi_forecast_10yr_gb,66.22581958400399,35.40160924852023,66.22581958400399
rating_gb,1.3803834530271868,0.7376482515943166,1.3803834530271868
pol_rat_gb,-0.7159895048145972,0.38260868012743227,0.7159895048145972
pol_rat_us,-0.2550059328124677,0.13607140899494935,0.2550059328124677
u_rat_gb,-0.17401409927976605,0.08033415003746884,0.17401409927976605
act_track_gb,-0.08669084873414357,0.046282271424933706,0.08669084873414357
gdp_forecast_10yr_gb,-0.06613895023017412,0.03512920829805104,0.06613895023017412
cpi_inf_gb,0.015449852905895995,0.008282984844455695,0.015449852905895995
