feature,mean_impact,std_impact,abs_impact
pol_rat_gb,-0.08135073120488792,0.0,0.08135073120488792
cpi_inf_gb,0.027918523178651247,0.0002719532243382684,0.027918523178651247
rating_gb,-0.006759703907968625,0.0010611361005300511,0.006759703907968625
act_track_gb,-0.0013801062782820373,0.0,0.0013801062782820373
gdp_forecast_10yr_gb,0.0,0.0,0.0
cpi_forecast_10yr_gb,0.0,0.0,0.0
pol_rat_us,0.0,0.0,0.0
u_rat_gb,0.0,0.0,0.0
