feature,mean_impact,std_impact,abs_impact,expected_direction,actual_direction,conformity,confidence
cpi_forecast_10yr_gb,0.09033976360245113,7.564697551911951,0.09033976360245113,1,1.0,Conforming,0.9
act_track_gb,0.03158412617935102,0.6206758827157006,0.03158412617935102,1,1.0,Conforming,0.7
rating_gb,0.02016639674802072,1.6448278602653044,0.02016639674802072,-1,1.0,Non-Conforming,0.8
gdp_forecast_10yr_gb,0.0023606766330367297,0.1990678163187201,0.0023606766330367297,1,1.0,Conforming,0.7
u_rat_gb,0.0006063226014999176,0.02105837467780062,0.0006063226014999176,-1,1.0,Non-Conforming,0.7
pol_rat_gb,3.210611805208548e-05,0.07116848504904151,3.210611805208548e-05,1,1.0,Conforming,0.8
pol_rat_us,2.24532323939363e-05,0.03373570473613423,2.24532323939363e-05,1,1.0,Conforming,0.8
cpi_inf_gb,2.104580004305608e-05,0.021622546491222906,2.104580004305608e-05,1,1.0,Conforming,0.9
