feature,mean_impact,std_impact,abs_impact
pol_rat_fr,-0.5499503614546891,0.0,0.5499503614546891
cpi_inf_fr,0.4392951598371626,0.008663846308495931,0.4392951598371626
pol_rat_us,-0.02847414383961706,3.469446951953614e-18,0.02847414383961706
rating_fr,0.014870355483619683,1.734723475976807e-18,0.014870355483619683
gdp_forecast_5yr_fr,0.004975190454793668,0.0,0.004975190454793668
cpi_forecast_5yr_fr,0.0,0.0,0.0
u_rat_fr,0.0,0.0,0.0
