feature,mean_impact,std_impact,abs_impact
rating_kr,-215.6391714780942,115.2639855484034,215.6391714780942
pol_rat_kr,-35.03637971495463,18.727732709468096,35.03637971495463
u_rat_kr,-27.71194926394945,14.81265995219445,27.71194926394945
pol_rat_us,-12.380360661994999,6.6175811316970155,12.380360661994999
cpi_forecast_5yr_kr,-11.876291245880592,6.3481446953754,11.876291245880592
pol_rat_us_influence,-11.677994430032735,6.242150588833847,11.677994430032735
gdp_forecast_5yr_kr,7.251909628920231,3.876308747323779,7.251909628920231
cpi_inf_kr,-0.100159491539859,0.05353750019651937,0.100159491539859
