feature,mean_impact,std_impact,abs_impact
pol_rat_cz,-71.82951146047014,38.39448887777594,71.82951146047014
u_rat_cz,-54.42758592883268,29.092768419270026,54.42758592883268
gdp_forecast_2yr_cz,-8.097423813264237,4.328255089248478,8.097423813264237
cpi_forecast_2yr_cz,6.584855346796952,3.5197532355972427,6.584855346796952
pol_rat_us,-3.1006206765870754,1.6573514654480068,3.1006206765870754
pol_rat_us_influence,-2.845907122061867,1.521201343619336,2.845907122061867
cpi_inf_cz,-2.5236985725011123,1.3489736293985197,2.5236985725011123
act_track_cz,0.45905534156330113,0.24537540138548003,0.45905534156330113
