feature,mean_impact,std_impact,abs_impact
cpi_inf_cz,-0.3564130280679632,0.0012636077404889609,0.3564130280679632
act_track_cz,-0.175504000533809,0.007754802970031748,0.175504000533809
pol_rat_cz,-0.11118499808091431,0.006576785011493527,0.11118499808091431
gdp_forecast_10yr_cz,0.014663157710791208,1.734723475976807e-18,0.014663157710791208
cpi_forecast_10yr_cz,0.0,0.0,0.0
pol_rat_us_influence,0.0,0.0,0.0
pol_rat_us,0.0,0.0,0.0
rating_cz,0.0,0.0,0.0
u_rat_cz,0.0,0.0,0.0
