feature,mean_impact,std_impact,abs_impact
u_rat_au,3.308673368662587,1.865607861697048,3.308673368662587
rating_au,1.2987285705748803,0.856554934123099,1.2987285705748803
pol_rat_au,-1.0563281664182265,0.5286647245187814,1.0563281664182265
cpi_forecast_5yr_au,0.5041353539535703,0.3191802005036023,0.5041353539535703
pol_rat_us,0.17027217941600956,0.11575460293126213,0.17027217941600956
cpi_inf_au,0.05700608809247908,0.03413019919848304,0.05700608809247908
gdp_forecast_5yr_au,0.05281068614212938,0.03140217991868665,0.05281068614212938
