feature,mean_impact,std_impact,abs_impact
cpi_inf_au,-0.041322786543846864,0.001279180200437782,0.041322786543846864
pol_rat_us,-0.0053486840943025625,0.0,0.0053486840943025625
rating_au,-0.0035925486240803474,0.0,0.0035925486240803474
pol_rat_au,0.0030465341892134522,0.0,0.0030465341892134522
gdp_forecast_5yr_au,0.0,0.0,0.0
cpi_forecast_5yr_au,0.0,0.0,0.0
u_rat_au,0.0,0.0,0.0
