feature,mean_impact,std_impact,abs_impact
cpi_inf_fr,0.25198023914370454,0.0036716673928417582,0.25198023914370454
pol_rat_fr,-0.1277925219888985,0.0,0.1277925219888985
rating_fr,0.11007387439371735,0.001242675836501148,0.11007387439371735
act_track_fr,0.02872042304134664,0.0,0.02872042304134664
pol_rat_us,-0.009201191183613254,0.0,0.009201191183613254
gdp_forecast_30yr_fr,0.0,0.0,0.0
cpi_forecast_30yr_fr,0.0,0.0,0.0
u_rat_fr,0.0,0.0,0.0
