feature,mean_impact,std_impact,abs_impact
pol_rat_kr,-0.04713642219984109,0.0,0.04713642219984109
gdp_forecast_10yr_kr,-0.03376322918673171,0.0,0.03376322918673171
pol_rat_us,-0.022521820150502348,0.0004261641430950518,0.022521820150502348
act_track_kr,-0.009260857195681505,0.0,0.009260857195681505
cpi_inf_kr,0.008421381953981759,0.0022467524105382135,0.008421381953981759
pol_rat_us_influence,0.0015446994939231939,0.0,0.0015446994939231939
cpi_forecast_10yr_kr,0.0,0.0,0.0
rating_kr,0.0,0.0,0.0
u_rat_kr,0.0,0.0,0.0
