feature,mean_impact,std_impact,abs_impact
rating_hu,243.0206212351368,129.89998608326312,243.0206212351368
pol_rat_hu,-189.4121028524257,101.2450276831663,189.4121028524257
u_rat_hu,-67.20908020935417,35.92476448908748,67.20908020935417
cpi_forecast_5yr_hu,-24.857886447022906,13.287099206298727,24.857886447022906
pol_rat_us,15.615386708167092,8.346775289135003,15.615386708167092
pol_rat_us_influence,14.3325949485233,7.661094251540154,14.3325949485233
cpi_inf_hu,-0.12235269906019718,0.0654002686043308,0.12235269906019718
gdp_forecast_5yr_hu,-0.10746148628534076,0.05744058056475024,0.10746148628534076
