feature,mean_impact,std_impact,abs_impact
pol_rat_gb,-1.3699721279216572,0.6728715701023523,1.3699721279216572
u_rat_gb,0.5835066013508243,0.35556725629038355,0.5835066013508243
cpi_forecast_2yr_gb,-0.2691617640276293,0.13146171031868895,0.2691617640276293
pol_rat_us,0.11304843696792555,0.08016687797018683,0.11304843696792555
gdp_forecast_2yr_gb,0.06086243142376648,0.035623834929314084,0.06086243142376648
cpi_inf_gb,0.05782869514087943,0.035818330236981936,0.05782869514087943
act_track_gb,-0.010663082567392686,0.005503224737835709,0.010663082567392686
