feature,mean_impact,std_impact,abs_impact
pol_rat_gb,-106.23771980640151,54.87966120118096,106.23771980640151
pol_rat_us,59.06532797465851,30.94779897548687,59.06532797465851
u_rat_gb,-13.393111819208045,5.211939562783929,13.393111819208045
cpi_forecast_2yr_gb,8.038044530086376,3.9770036997856777,8.038044530086376
gdp_forecast_2yr_gb,5.067700847088918,4.0586612688857855,5.067700847088918
act_track_gb,-3.7705472859082128,2.709334551655077,3.7705472859082128
cpi_inf_gb,2.6941372802323635,1.884605390350397,2.6941372802323635
