feature,mean_impact,std_impact,abs_impact
cpi_inf_za,0.3969386612449528,0.0,0.3969386612449528
pol_rat_us_influence,-0.11190728851328817,0.0,0.11190728851328817
pol_rat_us,-0.05150788594931463,0.0002446453691532591,0.05150788594931463
act_track_za,0.010496646754875693,0.0025421536457493417,0.010496646754875693
cpi_forecast_2yr_za,-0.0017151709923826175,0.0,0.0017151709923826175
gdp_forecast_2yr_za,0.0,0.0,0.0
pol_rat_za,0.0,0.0,0.0
u_rat_za,0.0,0.0,0.0
