feature,mean_impact,std_impact,abs_impact
rating_us,188.26247341422825,100.63052490038284,188.26247341422825
cpi_forecast_30yr_us,-169.91264417405014,90.82212859716101,169.91264417405014
u_rat_us,-89.2884467270344,47.72668232139712,89.2884467270344
pol_rat_us,-86.25993880567258,46.107876744987564,86.25993880567258
gdp_forecast_30yr_us,-64.2963733430409,34.367857180252024,64.2963733430409
act_track_us,-4.443386889302758,2.3750901966648783,4.443386889302758
cpi_inf_us,-0.2679633589849664,0.14323244021869386,0.2679633589849664
