feature,mean_impact,std_impact,abs_impact
pol_rat_us,-142.10218555695485,75.95681318084306,142.10218555695485
cpi_forecast_2yr_us,-10.809662436605612,5.778007614922598,10.809662436605612
gdp_forecast_2yr_us,-9.236352420797783,4.937038037446486,9.236352420797783
u_rat_us,-9.13539845742599,4.8830758741930325,9.13539845742599
act_track_us,-2.2360159316773185,1.1952007896720933,2.2360159316773185
cpi_inf_us,-0.48679785051478436,0.2602043961777598,0.48679785051478436
