feature,mean_impact,std_impact,abs_impact
cpi_forecast_10yr_za,429.7185505015059,230.89697972323358,429.7185505015059
gdp_forecast_10yr_za,45.870477184656316,25.41322293567775,45.870477184656316
rating_za,-4.550122250412962,2.420373196970843,4.550122250412962
u_rat_za,1.7828657652994024,0.9569536503791516,1.7828657652994024
act_track_za,-0.8197752552297235,0.43837705699933416,0.8197752552297235
pol_rat_us_influence,-0.5762763944329572,0.3076816765331102,0.5762763944329572
cpi_inf_za,0.4553794723943387,0.24328986332499786,0.4553794723943387
pol_rat_za,-0.3684164951534406,0.1967523873616527,0.3684164951534406
pol_rat_us,-0.10464020624978616,0.05590245377749814,0.10464020624978616
