feature,mean_impact,std_impact,abs_impact
u_rat_ca,-159.46334981807516,85.23674582378828,159.46334981807516
pol_rat_ca,-129.67846535094657,69.31605539798254,129.67846535094657
rating_ca,-55.382336150037,29.603103878940495,55.382336150037
gdp_forecast_5yr_ca,-20.67505066875697,11.051279436668578,20.67505066875697
cpi_forecast_5yr_ca,-6.519572883404874,3.484858291114705,6.519572883404874
pol_rat_us,-5.070139882385115,2.710103763271918,5.070139882385115
cpi_inf_ca,1.4274193861299553,0.7629877557339245,1.4274193861299553
