{
  "overall_conformity": {
    "Neutral": 132,
    "Misaligned": 121,
    "Positive": 66,
    "Negative": 21
  },
  "country_conformity": {
    "Australia": 10.0,
    "Germany": 13.333333333333334,
    "South Africa": 16.0,
    "Hungary": 20.0,
    "United States": 23.076923076923077,
    "Czechia": 24.0,
    "South Korea": 26.47058823529412,
    "France": 30.0,
    "Poland": 32.0,
    "United Kingdom": 33.33333333333333,
    "Canada": 36.666666666666664,
    "Italy": 40.0
  },
  "variable_conformity": {
    "act": 0.0,
    "pol": 0.0,
    "gdp": 38.63636363636363,
    "rating": 40.625,
    "cpi": 40.909090909090914,
    "u": 47.72727272727273
  },
  "country_tenor_conformity": {
    "Hungary_yld_2yr": 0.0,
    "Australia_yld_30yr": 0.0,
    "Australia_yld_5yr": 0.0,
    "Italy_yld_2yr": 0.0,
    "Germany_yld_30yr": 0.0,
    "South Korea_yld_10yr": 11.11111111111111,
    "Czechia_yld_10yr": 11.11111111111111,
    "Germany_yld_10yr": 12.5,
    "South Africa_yld_2yr": 12.5,
    "South Africa_yld_5yr": 12.5,
    "Australia_yld_10yr": 12.5,
    "Canada_yld_30yr": 12.5,
    "United Kingdom_yld_10yr": 12.5,
    "United States_yld_10yr": 14.285714285714285,
    "Germany_yld_5yr": 14.285714285714285,
    "United States_yld_2yr": 16.666666666666664,
    "South Africa_yld_10yr": 22.22222222222222,
    "Poland_yld_2yr": 25.0,
    "South Korea_yld_5yr": 25.0,
    "Hungary_yld_5yr": 25.0,
    "Czechia_yld_2yr": 25.0,
    "France_yld_30yr": 25.0,
    "France_yld_10yr": 25.0,
    "Germany_yld_2yr": 28.57142857142857,
    "United States_yld_30yr": 28.57142857142857,
    "Australia_yld_2yr": 28.57142857142857,
    "United Kingdom_yld_5yr": 28.57142857142857,
    "Canada_yld_5yr": 28.57142857142857,
    "France_yld_2yr": 28.57142857142857,
    "South Korea_yld_30yr": 33.33333333333333,
    "Hungary_yld_10yr": 33.33333333333333,
    "United States_yld_5yr": 33.33333333333333,
    "Poland_yld_10yr": 33.33333333333333,
    "South Korea_yld_2yr": 37.5,
    "United Kingdom_yld_30yr": 37.5,
    "Poland_yld_5yr": 37.5,
    "Czechia_yld_5yr": 37.5,
    "Italy_yld_5yr": 42.857142857142854,
    "Canada_yld_2yr": 42.857142857142854,
    "France_yld_5yr": 42.857142857142854,
    "Italy_yld_30yr": 50.0,
    "United Kingdom_yld_2yr": 57.14285714285714,
    "Canada_yld_10yr": 62.5,
    "Italy_yld_10yr": 62.5
  }
}