{
  "overall_conformity": {
    "Positive": 162,
    "Misaligned": 160,
    "Negative": 18
  },
  "country_conformity": {
    "Germany": 43.333333333333336,
    "Czechia": 44.0,
    "France": 46.666666666666664,
    "United Kingdom": 46.666666666666664,
    "South Africa": 48.0,
    "South Korea": 50.0,
    "Australia": 50.0,
    "Poland": 52.0,
    "United States": 57.692307692307686,
    "Italy": 60.0,
    "Canada": 66.66666666666666,
    "Hungary": 72.0
  }
}