feature,mean_impact,std_impact,abs_impact,expected_direction,actual_direction,conformity,confidence
gdp_forecast_5yr_fr,0.03720643547782255,0.15452282369181702,0.03720643547782255,1,1.0,Conforming,0.7
u_rat_fr,-0.009844442684032145,0.04552982176785971,0.009844442684032145,-1,-1.0,Conforming,0.7
rating_fr,0.0001758988297439507,0.2222518273262658,0.0001758988297439507,-1,1.0,Non-Conforming,0.8
cpi_inf_fr,-6.314984371858431e-05,0.031240274885169336,6.314984371858431e-05,1,-1.0,Non-Conforming,0.9
pol_rat_us,2.0653510494008062e-05,0.027363925782277556,2.0653510494008062e-05,1,1.0,Conforming,0.8
pol_rat_fr,1.615892885970416e-05,0.017371511639016148,1.615892885970416e-05,1,1.0,Conforming,0.8
cpi_forecast_5yr_fr,-1.5533153433456033e-05,0.015523726239550143,1.5533153433456033e-05,1,-1.0,Non-Conforming,0.9
