feature,mean_impact,std_impact,abs_impact
pol_rat_gb,-0.31217852698872184,0.0,0.31217852698872184
cpi_inf_gb,0.13002381447088215,0.009357541499030234,0.13002381447088215
gdp_forecast_5yr_gb,0.00489130218603686,0.0,0.00489130218603686
rating_gb,-0.00311119822008443,0.0006172664828449199,0.00311119822008443
pol_rat_us,0.0004940210282039836,0.0,0.0004940210282039836
cpi_forecast_5yr_gb,0.0,0.0,0.0
u_rat_gb,0.0,0.0,0.0
