feature,mean_impact,std_impact,abs_impact
cpi_forecast_5yr_gb,93.9291558671233,50.21111909290431,93.9291558671233
pol_rat_us,-0.43407989360906435,0.23143574006511006,0.43407989360906435
pol_rat_gb,-0.4241134128572317,0.22529046024385876,0.4241134128572317
rating_gb,0.24306575686004908,0.13402828076375442,0.24306575686004908
gdp_forecast_5yr_gb,0.175063148998156,0.09544501113203388,0.175063148998156
u_rat_gb,0.029302294943174944,0.016792774337598553,0.029302294943174944
cpi_inf_gb,-0.00015772593390621205,0.00020768211937227644,0.00015772593390621205
