feature,mean_impact,std_impact,abs_impact
cpi_forecast_5yr_de,0.40495993187960955,0.2820561839302458,0.40495993187960955
pol_rat_de,-0.2744592405525877,0.13232898208423424,0.2744592405525877
u_rat_de,0.175006183663552,0.18222498093758183,0.175006183663552
gdp_forecast_5yr_de,0.11203242093125691,0.0757697674604044,0.11203242093125691
cpi_inf_de,0.10298134105737783,0.05826785051722816,0.10298134105737783
pol_rat_us,-0.06962915426452966,0.015599481299322876,0.06962915426452966
rating_de,0.06383481222275432,0.05456662162512487,0.06383481222275432
