feature,mean_impact,std_impact,abs_impact,expected_direction,actual_direction,conformity,confidence
gdp_forecast_5yr_it,0.0030623497751907287,0.08042073598485483,0.0030623497751907287,1,1.0,Conforming,0.7
u_rat_it,0.0023889637923597603,0.14303211670809085,0.0023889637923597603,-1,1.0,Non-Conforming,0.7
pol_rat_it,0.0007851378728698387,0.030460057222501356,0.0007851378728698387,1,1.0,Conforming,0.8
pol_rat_us,-0.000388798599463651,0.08590772317959015,0.000388798599463651,1,-1.0,Non-Conforming,0.8
cpi_inf_it,8.946962364284398e-05,0.013114886489272923,8.946962364284398e-05,1,1.0,Conforming,0.9
rating_it,3.74996488572279e-05,0.024293528478015924,3.74996488572279e-05,-1,1.0,Non-Conforming,0.8
cpi_forecast_5yr_it,6.986121055450415e-08,0.001270090075920737,6.986121055450415e-08,1,1.0,Conforming,0.9
