feature,mean_impact,std_impact,abs_impact
pol_rat_kr,-53.07498880893568,28.11223520424214,53.07498880893568
pol_rat_us_influence,41.41337604428856,22.554697566904167,41.41337604428856
pol_rat_us,23.647114535703242,12.614438548032012,23.647114535703242
cpi_inf_kr,21.20124650508959,11.961418246511831,21.20124650508959
gdp_forecast_2yr_kr,19.29028353711105,10.420244346461203,19.29028353711105
u_rat_kr,-15.214899230472204,7.71690535112686,15.214899230472204
act_track_kr,13.082371067546573,8.107424875254349,13.082371067546573
cpi_forecast_2yr_kr,-8.158941061152673,4.098705839174225,8.158941061152673
