feature,mean_impact,std_impact,abs_impact
pol_rat_ca,-0.17297559906399532,0.0,0.17297559906399532
pol_rat_us,0.0989272358949123,0.0,0.0989272358949123
act_track_ca,0.07592723544230057,0.007637694219433188,0.07592723544230057
cpi_inf_ca,-0.013400019663670548,0.0006376057454274872,0.013400019663670548
rating_ca,0.006563370869298095,0.0,0.006563370869298095
gdp_forecast_30yr_ca,0.0,0.0,0.0
cpi_forecast_30yr_ca,0.0,0.0,0.0
u_rat_ca,0.0,0.0,0.0
